<?xml version="1.0" encoding="UTF-8"?>
<teamcity-plugin xmlns:xsi="http://www.w3.org/2001/XMLSchema-instance" xsi:noNamespaceSchemaLocation="urn:schemas-jetbrains-com:teamcity-plugin-v1-xml">
  <info>
    <name>trac</name>
    <display-name>Teamcity Trac Integration</display-name>
    <version>snapshot-20150801150711</version>
    <description>This plugin can link VCS-comments to Trac Project issues</description>
    <download-url>https://github.com/AndreasSchaek/TeamcityTracIntegration</download-url>
    <email>AndreasSchaek@hotmail.com</email>
    <vendor>
      <name>Andreas Schaek</name>
      <url>https://github.com/AndreasSchaek</url>
      <logo>Plugin vendor logo URL</logo>
    </vendor>
  </info>
  <deployment use-separate-classloader="false" />
</teamcity-plugin>
