<?xml version="1.0" encoding="UTF-8"?>
<teamcity-plugin xmlns:xsi="http://www.w3.org/2001/XMLSchema-instance" xsi:noNamespaceSchemaLocation="urn:shemas-jetbrains-com:teamcity-plugin-v1-xml">
  <info>
    <name>teamcity_trac_integration</name>
    <display-name>Teamcity Trac Integration</display-name>
    <version>snapshot-20150601162108</version>
    <description>This plugin can link VCS-comments to Trac Project issues</description>
    <download-url>Plugin download URL</download-url>
    <email>AndreasSchaek@hotmail.com</email>
    <vendor>
      <name>Andreas Schaek</name>
      <url>None</url>
      <logo>Plugin vendor logo URL</logo>
    </vendor>
  </info>
  <deployment use-separate-classloader="true" />
</teamcity-plugin>
